{"MetricName": "accuracy", "Value": 0.6430000066757202, "Timestamp": 1595704975.159386}
