{"MetricName": "accuracy", "Value": 0.642799973487854, "Timestamp": 1595706311.2424114}
